timestamp,rev_FCR_D,rev_DA,rev_IM,PnL
2026-03-01 00:00:00,38.25116507209031,69.763949294052,-87.97999405060835,20.03512031553396
2026-03-01 00:15:00,38.25116507209031,74.89668906806946,-64.12578146412291,49.02207267603687
2026-03-01 00:30:00,38.25116507209031,94.15556393695846,-64.11970657127597,68.2870224377728
2026-03-01 00:45:00,38.25116507209031,-57.12402526256813,76.41524220954376,57.54238201906594
2026-03-01 01:00:00,38.25116507209031,-81.61107651856196,82.11732383177281,38.75741238530116
2026-03-01 01:15:00,38.25116507209031,-69.36089918893214,67.33560916033045,36.22587504348862
2026-03-01 01:30:00,38.25116507209031,97.62329070983228,-48.33682729235352,87.53762848956907
2026-03-01 01:45:00,38.25116507209031,-75.60525582409974,114.89617920727288,77.54208845526344
2026-03-01 02:00:00,38.25116507209031,73.38589133704663,-51.444574487689586,60.192481921447346
2026-03-01 02:15:00,38.25116507209031,57.09371076968678,35.97047758307556,131.31535342485265
2026-03-01 02:30:00,38.25116507209031,57.863136899057466,17.53886588603676,113.65316785718453
2026-03-01 02:45:00,38.25116507209031,60.69803821466764,-9.881060641793916,89.06814264496404
2026-03-01 03:00:00,38.25116507209031,57.00853581312583,-34.413386401693856,60.84631448352229
2026-03-01 03:15:00,38.25116507209031,39.63745995722387,-28.98375237685662,48.90487265245755
2026-03-01 03:30:00,38.25116507209031,53.40158504905265,29.36706326948971,121.01981339063266
2026-03-01 03:45:00,38.25116507209031,78.5943134668967,-8.262932586233356,108.58254595275365
2026-03-01 04:00:00,57.85658096399584,64.97202026949749,15.027701418530539,137.85630265202386
2026-03-01 04:15:00,57.85658096399584,47.032856702909356,-1.2581299827051322,103.63130768420007
2026-03-01 04:30:00,57.85658096399584,54.030483471732595,-1.2179499326387293,110.6691145030897
2026-03-01 04:45:00,57.85658096399584,46.95667758729124,3.1059250072226736,107.91918355850976
2026-03-01 05:00:00,57.85658096399584,-48.102758545754,16.965548878724654,26.719371296966493
2026-03-01 05:15:00,57.85658096399584,71.95425816289027,-10.4773732151707,119.3334659117154
2026-03-01 05:30:00,57.85658096399584,67.51500390609364,10.84468478721087,136.21626965730036
2026-03-01 05:45:00,57.85658096399584,57.224445501991134,-0.6830650068624897,114.39796145912449
2026-03-01 06:00:00,57.85658096399584,47.593003852499116,-7.33884526461707,98.1107395518779
2026-03-01 06:15:00,57.85658096399584,62.48377617925573,5.054357264149587,125.39471440740115
2026-03-01 06:30:00,57.85658096399584,59.58364946030141,5.110097426933682,122.55032785123093
2026-03-01 06:45:00,57.85658096399584,55.71651865436061,-12.632751448439874,100.94034816991658
2026-03-01 07:00:00,57.85658096399584,-52.982484398339274,-3.901212816917796,0.9728837487387687
2026-03-01 07:15:00,57.85658096399584,51.66332939529685,14.364394062947827,123.8843044222405
2026-03-01 07:30:00,57.85658096399584,66.52621222774671,3.5589179364965413,127.94171112823909
2026-03-01 07:45:00,57.85658096399584,62.20860805792313,-66.28938954155197,53.775799480367
2026-03-01 08:00:00,70.03897366247759,-43.26187244653472,70.52232452536431,97.29942574130718
2026-03-01 08:15:00,70.03897366247759,52.248978106826904,-36.68177176544251,85.606180003862
2026-03-01 08:30:00,70.03897366247759,-49.99588990587614,86.2961337287739,106.33921748537534
2026-03-01 08:45:00,70.03897366247759,-7.376024999188212,119.8483150072167,182.51126367050608
2026-03-01 09:00:00,70.03897366247759,-43.19631471721281,532.4473471761175,559.2900061213824
2026-03-01 09:15:00,70.03897366247759,1.2389186767321565,775.8461803251846,847.1240726643944
2026-03-01 09:30:00,70.03897366247759,4.926572670816603,749.5867213570233,824.5522676903174
2026-03-01 09:45:00,70.03897366247759,18.812646428380578,15.513620990253372,104.36524108111153
2026-03-01 10:00:00,70.03897366247759,2.1354028073564595,46.51917177724578,118.69354824707983
2026-03-01 10:15:00,70.03897366247759,4.093718919023981,28.966896753280857,103.09958933478242
2026-03-01 10:30:00,70.03897366247759,3.679689824068854,197.90695361800928,271.6256171045557
2026-03-01 10:45:00,70.03897366247759,-5.094794639120339,253.48821617356367,318.43239519692094
2026-03-01 11:00:00,70.03897366247759,-3.2197402451403256,77.28276356120486,144.1019969785421
2026-03-01 11:15:00,70.03897366247759,6.335581369286506,58.929612145145185,135.3041671769093
2026-03-01 11:30:00,70.03897366247759,17.119770910769116,-22.274894280891385,64.88385029235532
2026-03-01 11:45:00,70.03897366247759,-4.660183896574452,154.35116411599776,219.72995388190088
2026-03-01 12:00:00,88.57754461274146,-6.706643781043702,-45.313592475918696,36.55730835577906
2026-03-01 12:15:00,88.57754461274146,3.024171594710776,64.24055082115242,155.84226702860468
2026-03-01 12:30:00,88.57754461274146,9.136622598088598,78.36875244224589,176.08291965307595
2026-03-01 12:45:00,88.57754461274146,-6.742404851678013,58.2592870145181,140.09442677558155
2026-03-01 13:00:00,88.57754461274146,3.170070023687624,40.89511662049684,132.64273125692594
2026-03-01 13:15:00,88.57754461274146,-2.369317629897964,3.530908557296134,89.73913554013963
2026-03-01 13:30:00,88.57754461274146,-9.650277414115035,51.3399151860399,130.26718238466634
2026-03-01 13:45:00,88.57754461274146,11.504427412392413,31.153861251274176,131.23583327640804
2026-03-01 14:00:00,88.57754461274146,-9.801855474657149,44.922152015173275,123.6978411532576
2026-03-01 14:15:00,88.57754461274146,2.656082093780292,6.674547266730933,97.9081739732527
2026-03-01 14:30:00,88.57754461274146,-5.2777383869420715,20.549177952037308,103.8489841778367
2026-03-01 14:45:00,88.57754461274146,14.771165508893754,68.32930556037896,171.67801568201418
2026-03-01 15:00:00,88.57754461274146,-11.786663768422695,553.2307714575841,630.0216523019028
2026-03-01 15:15:00,88.57754461274146,15.956029687605646,74.16079251575336,178.69436681610046
2026-03-01 15:30:00,88.57754461274146,-0.1118121341313321,36.82722728874202,125.29295976735216
2026-03-01 15:45:00,88.57754461274146,-5.435050977637625,7.422893662258945,90.56538729736278
2026-03-01 16:00:00,86.79662175413253,-14.411602246610979,22.678531440329408,95.06355094785096
2026-03-01 16:15:00,86.79662175413253,15.92622031005893,19.673268183368677,122.39611024756015
2026-03-01 16:30:00,86.79662175413253,-13.749270831820237,-31.956986951151183,41.09036397116111
2026-03-01 16:45:00,86.79662175413253,48.052103653395044,4.182619351771254,139.03134475929883
2026-03-01 17:00:00,86.79662175413253,25.022609479749285,0.05028171373205498,111.86951294761388
2026-03-01 17:15:00,86.79662175413253,88.88805953163954,1.5545269290803452,177.2392082148524
2026-03-01 17:30:00,86.79662175413253,49.1139092317613,4.573486428062757,140.4840174139566
2026-03-01 17:45:00,86.79662175413253,15.994779546477622,-15.492850838044882,87.29855046256526
2026-03-01 18:00:00,86.79662175413253,48.279149710256064,-71.1583994396592,63.91737202472939
2026-03-01 18:15:00,86.79662175413253,-20.280098841512675,700.6823009737066,767.1988238863264
2026-03-01 18:30:00,86.79662175413253,-83.30862261225104,341.78356042241126,345.2715595642927
2026-03-01 18:45:00,86.79662175413253,-164.01358486110283,370.94081873775247,293.72385563078217
2026-03-01 19:00:00,86.79662175413253,-139.71096636597474,551.792978103614,498.8786334917718
2026-03-01 19:15:00,86.79662175413253,-154.78079126856196,150.54458182130278,82.56041230687336
2026-03-01 19:30:00,86.79662175413253,-134.5784503102488,220.48320717021275,172.70137861409648
2026-03-01 19:45:00,86.79662175413253,-78.74098503926787,79.57751411630473,87.63315083116939
2026-03-01 20:00:00,83.85096438022077,-84.78726771153319,121.33192057566231,120.39561724434989
2026-03-01 20:15:00,83.85096438022077,-82.0694989367716,172.76507823092672,174.5465436743759
2026-03-01 20:30:00,83.85096438022077,-84.56157850337989,96.57829606424293,95.86768194108382
2026-03-01 20:45:00,83.85096438022077,-73.57329344425236,185.1735709924982,195.45124192846663
2026-03-01 21:00:00,83.85096438022077,-99.44767406457423,209.59780574834696,194.0010960639935
2026-03-01 21:15:00,83.85096438022077,-55.12478130110094,220.39890017951174,249.12508325863158
2026-03-01 21:30:00,83.85096438022077,-68.37101524139533,156.27563672385062,171.75558586267607
2026-03-01 21:45:00,83.85096438022077,-51.38925273147351,127.98294488361321,160.44465653236048
2026-03-01 22:00:00,83.85096438022077,-88.55089367400507,207.29267533462536,202.59274604084106
2026-03-01 22:15:00,83.85096438022077,-52.2957727611612,165.03531332485647,196.59050494391605
2026-03-01 22:30:00,83.85096438022077,68.27994733783028,-94.92000030664029,57.21091141141075
2026-03-01 22:45:00,83.85096438022077,61.99076964759556,-45.47766767933476,100.36406634848157
2026-03-01 23:00:00,83.85096438022077,-57.76507146757726,210.25662403502741,236.34251694767093
2026-03-01 23:15:00,83.85096438022077,-35.57526213801789,23.32051863028808,71.59622087249096
2026-03-01 23:30:00,83.85096438022077,-53.701043571169826,255.24055534556516,285.3904761546161
2026-03-01 23:45:00,83.85096438022077,39.566749561533825,-26.056865242983893,97.36084869877071
2026-03-02 00:00:00,22.62616507209028,39.738949294052006,-53.529666963798746,8.83544740234354
2026-03-02 00:15:00,22.62616507209028,-37.396689068069506,46.41911500384387,31.648591007864646
2026-03-02 00:30:00,22.62616507209028,41.655563936958444,-53.00054110056433,11.281187908484391
2026-03-02 00:45:00,22.62616507209028,-11.274025262568177,38.419598968306566,49.77173877782867
2026-03-02 01:00:00,22.62616507209028,48.48607651856196,-35.623733585450026,35.48850800520222
2026-03-02 01:15:00,22.62616507209028,18.76089918893215,-30.257377588491796,11.129686672530635
2026-03-02 01:30:00,22.62616507209028,18.12329070983229,10.341388980112661,51.09084476203523
2026-03-02 01:45:00,22.62616507209028,-3.1052558240997232,11.387766670694518,30.908675918685077
2026-03-02 02:00:00,22.62616507209028,51.160891337046635,-2.937616727033885,70.84943968210303
2026-03-02 02:15:00,22.62616507209028,20.768710769686763,-11.121209687804393,32.27366615397265
2026-03-02 02:30:00,22.62616507209028,17.938136899057447,-1.3911761882098161,39.17312578293791
2026-03-02 02:45:00,22.62616507209028,-15.698038214667635,6.031578396268402,12.959705253691048
2026-03-02 03:00:00,22.62616507209028,22.858535813125815,-40.804327822805604,4.680373062410496
2026-03-02 03:15:00,22.62616507209028,-1.9374599572238693,0.916596661745467,21.605301776611878
2026-03-02 03:30:00,22.62616507209028,12.501585049052661,58.38600432695696,93.51375444809989
2026-03-02 03:45:00,22.62616507209028,-32.34431346689669,11.93345190044847,2.2153035056420567
2026-03-02 04:00:00,60.90658096399582,28.972020269497477,15.040163394008466,104.91876462750176
2026-03-02 04:15:00,60.90658096399582,-2.307856702909353,-1.3912429966713276,57.20748126441514
2026-03-02 04:30:00,60.90658096399582,-16.955483471732546,-2.508577111916772,41.4425203803465
2026-03-02 04:45:00,60.90658096399582,-0.106677587291234,-4.522068234026447,56.277835142678136
2026-03-02 05:00:00,60.90658096399582,6.827758545753984,-5.8616275026870985,61.8727120070627
2026-03-02 05:15:00,60.90658096399582,-29.45425816289026,166.28123725462558,197.73356005573115
2026-03-02 05:30:00,60.90658096399582,29.915003906093606,16.28592062711152,107.10750549720095
2026-03-02 05:45:00,60.90658096399582,-43.54944550199114,324.0674694894077,341.4246049514124
2026-03-02 06:00:00,60.90658096399582,37.393003852499135,-12.657016181959053,85.6425686345359
2026-03-02 06:15:00,60.90658096399582,54.48377617925569,5.146745139529378,120.53710228278089
2026-03-02 06:30:00,60.90658096399582,51.10864946030137,-0.13485346178171007,111.88037696251547
2026-03-02 06:45:00,60.90658096399582,63.116518654360625,-19.164310130676984,104.85878948767946
2026-03-02 07:00:00,60.90658096399582,48.88248439833927,-42.76831736671545,67.02074799561964
2026-03-02 07:15:00,60.90658096399582,-58.388329395296836,187.51149993053673,190.02975149923572
2026-03-02 07:30:00,60.90658096399582,-94.65121222774673,316.9024571326047,283.1578258688538
2026-03-02 07:45:00,60.90658096399582,-130.93360805792315,336.3900362460255,266.36300915209813
2026-03-02 08:00:00,145.38897366247755,176.66187244653472,-19.253904613575095,302.7969414954371
2026-03-02 08:15:00,145.38897366247755,112.5489781068269,-67.0323586892137,190.90559308009074
2026-03-02 08:30:00,145.38897366247755,-78.37088990587611,137.5550226088415,204.57310636544295
2026-03-02 08:45:00,145.38897366247755,33.3510249991882,118.38424726364924,297.124245925315
2026-03-02 09:00:00,145.38897366247755,82.24631471721284,-20.33914526403313,207.29614311565726
2026-03-02 09:15:00,145.38897366247755,69.16108132326785,-24.93374386936004,189.6163111163854
2026-03-02 09:30:00,145.38897366247755,58.7984273291834,25.858989705026143,230.0463906966871
2026-03-02 09:45:00,145.38897366247755,17.61235357161943,1335.4209712442287,1498.4222984783257
2026-03-02 10:00:00,145.38897366247755,61.26459719264355,60.507983537364645,267.16155439248575
2026-03-02 10:15:00,145.38897366247755,2.156281080976018,793.839683512049,941.3849382555026
2026-03-02 10:30:00,145.38897366247755,8.454689824068847,777.7323088323782,931.5759723189246
2026-03-02 10:45:00,145.38897366247755,-0.7947946391203382,704.4697291736105,849.0639081969678
2026-03-02 11:00:00,145.38897366247755,65.84474024514031,511.9650077629889,723.1987216706068
2026-03-02 11:15:00,145.38897366247755,-6.185581369286504,596.5550162664349,735.758408559626
2026-03-02 11:30:00,145.38897366247755,-17.09477091076912,19.2755029669023,147.56970571861075
2026-03-02 11:45:00,145.38897366247755,-4.410183896574446,20.825408501876222,161.80419826777933
2026-03-02 12:00:00,140.07754461274146,6.956643781043712,38.07462077576787,185.10880916955304
2026-03-02 12:15:00,140.07754461274146,4.54917159471078,257.38027587847006,402.0069920859223
2026-03-02 12:30:00,140.07754461274146,56.361622598088594,226.46380182096618,422.90296903179626
2026-03-02 12:45:00,140.07754461274146,-4.09240485167801,229.97733054961088,365.96247031067435
2026-03-02 13:00:00,140.07754461274146,5.695070023687623,269.1030420083493,414.87565664477836
2026-03-02 13:15:00,140.07754461274146,-0.2056823701020451,221.23620745758222,361.1080697002217
2026-03-02 13:30:00,140.07754461274146,7.150277414115034,33.90091427907029,181.1287363059268
2026-03-02 13:45:00,140.07754461274146,11.779427412392405,347.4124148277241,499.26938685285796
2026-03-02 14:00:00,140.07754461274146,-7.3018554746571525,212.9452843918375,345.7209735299218
2026-03-02 14:15:00,140.07754461274146,-2.5060820937802903,157.5075184743546,295.0789809933158
2026-03-02 14:30:00,140.07754461274146,18.24726161305793,204.40944642416508,362.73425264996445
2026-03-02 14:45:00,140.07754461274146,32.92116550889376,271.8304017485192,444.8291118701544
2026-03-02 15:00:00,140.07754461274146,-11.5616637684227,202.1534746374735,330.66935548179225
2026-03-02 15:15:00,140.07754461274146,17.506029687605647,224.5527581102331,382.13633241058017
2026-03-02 15:30:00,140.07754461274146,17.588187865868655,393.37442618982584,551.040158668436
2026-03-02 15:45:00,140.07754461274146,-3.385050977637636,205.6709886542674,342.36348228937123
2026-03-02 16:00:00,92.92162175413253,-4.888397753389018,-30.967619797152473,57.06560420359104
2026-03-02 16:15:00,92.92162175413253,70.9762203100589,-3.9180103075986343,159.9798317565928
2026-03-02 16:30:00,92.92162175413253,70.37427083182024,13.295398397248556,176.59129098320133
2026-03-02 16:45:00,92.92162175413253,-75.97710365339506,287.0867692815677,304.03128738230515
2026-03-02 17:00:00,92.92162175413253,62.74760947974926,-37.69240695968334,117.97682427419845
2026-03-02 17:15:00,92.92162175413253,-35.01305953163952,12.939305674599222,70.84786789709223
2026-03-02 17:30:00,92.92162175413253,123.86390923176138,-42.382234727422265,174.40329625847164
2026-03-02 17:45:00,92.92162175413253,164.54477954647768,-62.28753810927943,195.17886319133075
2026-03-02 18:00:00,92.92162175413253,-163.30414971025607,153.53771239152522,83.15518443540168
2026-03-02 18:15:00,92.92162175413253,180.83009884151272,-102.56741432782027,171.18430626782495
2026-03-02 18:30:00,92.92162175413253,265.233622612251,-80.91100688644487,277.24423747993865
2026-03-02 18:45:00,92.92162175413253,324.6385848611026,-113.23199187488727,304.3282147403478
2026-03-02 19:00:00,92.92162175413253,377.3359663659749,-57.970501358205105,412.28708676190234
2026-03-02 19:15:00,92.92162175413253,336.8307912685618,-102.54541579030814,327.2069972323862
2026-03-02 19:30:00,92.92162175413253,262.0784503102488,151.40869988955384,506.40877195393523
2026-03-02 19:45:00,92.92162175413253,207.59098503926776,972.5971814840253,1273.1097882774257
2026-03-02 20:00:00,78.20096438022074,-219.1122677115332,602.7368466955926,461.8255433642801
2026-03-02 20:15:00,78.20096438022074,-213.31949893677165,706.7758557116165,571.6573211550656
2026-03-02 20:30:00,78.20096438022074,-188.1865785033799,460.8799667675818,350.8943526444226
2026-03-02 20:45:00,78.20096438022074,-153.9982934442523,662.003191415119,586.2058623510874
2026-03-02 21:00:00,78.20096438022074,-169.27267406457423,636.139117400914,545.0674077165604
2026-03-02 21:15:00,78.20096438022074,122.69978130110093,-201.85124017748745,-0.9504944961657884
2026-03-02 21:30:00,78.20096438022074,-118.37101524139527,334.0952106960624,293.92515983488784
2026-03-02 21:45:00,78.20096438022074,-85.03925273147352,186.11516463116848,179.2768762799157
2026-03-02 22:00:00,78.20096438022074,-111.55089367400504,36.78573072598906,3.4358014322047623
2026-03-02 22:15:00,78.20096438022074,85.12077276116118,-113.74254664941334,49.57919049196856
2026-03-02 22:30:00,78.20096438022074,-138.90494733783027,210.34920801930164,149.64522506169212
2026-03-02 22:45:00,78.20096438022074,143.21576964759558,-96.88436201017386,124.53237201764246
2026-03-02 23:00:00,78.20096438022074,157.3650714675773,-93.29352061625004,142.27251523154803
2026-03-02 23:15:00,78.20096438022074,101.65026213801794,-74.76349782808998,105.08772869014868
2026-03-02 23:30:00,78.20096438022074,130.9010435711698,-51.728692296723224,157.3733156546673
2026-03-02 23:45:00,78.20096438022074,92.54174956153385,-40.678196654130275,130.0645172876243
2026-03-03 00:00:00,34.35116507209027,-88.33894929405201,628.9607461388888,574.972961916927
2026-03-03 00:15:00,34.35116507209027,-129.74668906806943,279.56496511807313,184.16944112209399
2026-03-03 00:30:00,34.35116507209027,127.68056393695845,-298.44606470435343,-136.41433569530471
2026-03-03 00:45:00,34.35116507209027,-77.12402526256815,85.1200026183458,42.34714242786791
2026-03-03 01:00:00,34.35116507209027,-170.53607651856197,443.4787135227931,307.2938020763214
2026-03-03 01:15:00,34.35116507209027,-112.86089918893211,363.4804353838233,284.97070126698145
2026-03-03 01:30:00,34.35116507209027,-140.0982907098323,270.0660759160791,164.31895027833707
2026-03-03 01:45:00,34.35116507209027,-98.13025582409965,525.9893135450106,462.21022279300126
2026-03-03 02:00:00,34.35116507209027,-163.86089133704658,99.93196378190758,-29.577762483048744
2026-03-03 02:15:00,34.35116507209027,-110.56871076968676,126.13460803048693,49.91706233289044
2026-03-03 02:30:00,34.35116507209027,-93.76313689905744,146.07052871186707,86.6585568848999
2026-03-03 02:45:00,34.35116507209027,-78.84803821466761,88.75027697861461,44.253403836037265
2026-03-03 03:00:00,34.35116507209027,-93.30853581312584,175.88180072632528,116.9244299852897
2026-03-03 03:15:00,34.35116507209027,-54.162459957223845,165.88923511612265,146.07794023098907
2026-03-03 03:30:00,34.35116507209027,-66.32658504905265,360.4985483236782,328.52312834671585
2026-03-03 03:45:00,34.35116507209027,-78.5943134668967,186.75288800434228,142.50973960953587
2026-03-03 04:00:00,68.05658096399584,-92.44702026949747,103.37514952635739,78.98471022085576
2026-03-03 04:15:00,68.05658096399584,67.20785670290935,-68.50329042706662,66.76114723983858
2026-03-03 04:30:00,68.05658096399584,-87.33048347173253,70.01518701906025,50.741284511323556
2026-03-03 04:45:00,68.05658096399584,65.40667758729123,-62.81579152304909,70.647467028238
2026-03-03 05:00:00,68.05658096399584,76.577758545754,-96.6171364819583,48.01720302779155
2026-03-03 05:15:00,68.05658096399584,106.52925816289026,-102.63849197160033,71.94734715528577
2026-03-03 05:30:00,68.05658096399584,144.09000390609373,-186.36797424953437,25.778610620555185
2026-03-03 05:45:00,68.05658096399584,-137.49944550199106,212.91639088160989,143.47352634361465
2026-03-03 06:00:00,68.05658096399584,-161.5430038524991,223.33348621704332,129.84706332854006
2026-03-03 06:15:00,68.05658096399584,-199.48377617925573,434.24364435296116,302.8164491377013
2026-03-03 06:30:00,68.05658096399584,-210.35864946030142,296.3851627959859,154.08309429968028
2026-03-03 06:45:00,68.05658096399584,352.0415186543605,-190.46684413381558,229.63125548454076
2026-03-03 07:00:00,68.05658096399584,336.0824843983394,-157.8747148878424,246.2643504744928
2026-03-03 07:15:00,68.05658096399584,370.48832939529683,-186.49865921084412,252.04625114844853
2026-03-03 07:30:00,68.05658096399584,408.6262122277469,-118.46933057266801,358.21346261907473
2026-03-03 07:45:00,68.05658096399584,337.03360805792323,-246.67137151948032,158.41881750243874
2026-03-03 08:00:00,161.06397366247757,446.23687244653473,-313.49813038647744,293.8027157225349
2026-03-03 08:15:00,161.06397366247757,359.4489781068271,-275.1417414074547,245.37121036185
2026-03-03 08:30:00,161.06397366247757,308.6458899058763,-244.81343314272976,224.8964304256241
2026-03-03 08:45:00,161.06397366247757,226.6760249991881,-289.267006430557,98.47299223110866
2026-03-03 09:00:00,161.06397366247757,327.5713147172128,-206.48211800680792,282.1531703728824
2026-03-03 09:15:00,161.06397366247757,-215.86108132326783,322.4352891676992,267.63818150690895
2026-03-03 09:30:00,161.06397366247757,-175.7984273291834,68.02333813256082,53.28888446585499
2026-03-03 09:45:00,161.06397366247757,-89.08735357161942,22.240321390431728,94.21694148128988
2026-03-03 10:00:00,161.06397366247757,-112.71459719264354,413.1093393079477,461.4587157777818
2026-03-03 10:15:00,161.06397366247757,-103.40628108097603,380.50727649371663,438.16496907521815
2026-03-03 10:30:00,161.06397366247757,-72.0296898240689,330.7884051165495,419.82268895495815
2026-03-03 10:45:00,161.06397366247757,-41.25520536087967,426.2987954841658,546.1075637857637
2026-03-03 11:00:00,161.06397366247757,-77.46974024514034,285.8421426249671,369.43637604230435
2026-03-03 11:15:00,161.06397366247757,-50.0394186307135,501.55637721483447,612.5809322465985
2026-03-03 11:30:00,161.06397366247757,-40.88022908923087,424.12294316222045,544.3066877354671
2026-03-03 11:45:00,161.06397366247757,-5.739816103425551,354.20868074941257,509.5328383084646
2026-03-03 12:00:00,191.2775446127415,-107.15664378104371,176.2522540882821,260.37315491997987
2026-03-03 12:15:00,191.2775446127415,-73.24917159471077,115.8097104668797,233.83808348491044
2026-03-03 12:30:00,191.2775446127415,-70.91162259808863,189.77343023300253,310.13935224765544
2026-03-03 12:45:00,191.2775446127415,1.2424048516780142,107.37660356951963,299.89655303393914
2026-03-03 13:00:00,191.2775446127415,-35.69507002368762,11.006778104132085,166.58925269318598
2026-03-03 13:15:00,191.2775446127415,-3.7806823701020464,30.570640666368313,218.06750290900777
2026-03-03 13:30:00,191.2775446127415,-4.875277414115034,0.44752642206944376,186.84979362069592
2026-03-03 13:45:00,191.2775446127415,14.054427412392407,-13.758649080716866,191.57332294441704
2026-03-03 14:00:00,191.2775446127415,-11.348144525342851,44.44808005114322,224.37748013854187
2026-03-03 14:15:00,191.2775446127415,-36.5189179062197,93.20678428860684,247.96541099512865
2026-03-03 14:30:00,191.2775446127415,-9.297261613057925,313.59341876725637,495.57370176693996
2026-03-03 14:45:00,191.2775446127415,-40.021165508893766,202.14664546539896,353.40302456924667
2026-03-03 15:00:00,191.2775446127415,0.6866637684226935,376.0582732881308,568.0224816692951
2026-03-03 15:15:00,191.2775446127415,-87.38102968760565,158.27749149837206,262.17400642350793
2026-03-03 15:30:00,191.2775446127415,-68.16318786586868,225.21371619508207,348.32807294195493
2026-03-03 15:45:00,191.2775446127415,-114.23994902236238,374.81287387727065,451.85046946764976
2026-03-03 16:00:00,148.57162175413254,-38.013397753389015,94.47889511063687,205.03711911138038
2026-03-03 16:15:00,148.57162175413254,127.82622031005894,-132.4735899481881,143.92425211600337
2026-03-03 16:30:00,148.57162175413254,-106.49927083182018,55.318989891898916,97.39134081421128
2026-03-03 16:45:00,148.57162175413254,98.87710365339504,-134.3100255022894,113.13869990523818
2026-03-03 17:00:00,148.57162175413254,-94.89760947974935,109.99761028842785,163.67162256281102
2026-03-03 17:15:00,148.57162175413254,-120.58805953163949,95.96030022521379,123.94386244770683
2026-03-03 17:30:00,148.57162175413254,131.26390923176132,-120.6880727198026,159.14745826609123
2026-03-03 17:45:00,148.57162175413254,152.3447795464777,-168.9343945901601,131.98200671045012
2026-03-03 18:00:00,148.57162175413254,-88.65414971025604,117.3959363501566,177.3134083940331
2026-03-03 18:15:00,148.57162175413254,141.28009884151265,-180.04460366938306,109.80711692626213
2026-03-03 18:30:00,148.57162175413254,243.45862261225102,-108.58726802440891,283.44297634197466
2026-03-03 18:45:00,148.57162175413254,491.4135848611028,-78.77923740490334,561.2059692103319
2026-03-03 19:00:00,148.57162175413254,470.8609663659749,-95.34623717610111,524.0863509440063
2026-03-03 19:15:00,148.57162175413254,456.9307912685616,-107.57370043347198,497.92871258922213
2026-03-03 19:30:00,148.57162175413254,395.85345031024883,-64.56198180854913,479.86309025583216
2026-03-03 19:45:00,148.57162175413254,257.31598503926796,699.5412556301743,1105.4288624235749
2026-03-03 20:00:00,75.37596438022078,263.73726771153315,-145.70380140849147,193.40943068326249
2026-03-03 20:15:00,75.37596438022078,245.21949893677146,-177.98558629374966,142.60987702324255
2026-03-03 20:30:00,75.37596438022078,215.13657850337992,-113.41471561548121,177.0978272681195
2026-03-03 20:45:00,75.37596438022078,184.24829344425237,-171.91668070557125,87.7075771189019
2026-03-03 21:00:00,75.37596438022078,-185.87267406457426,639.9233041543732,529.4265944700197
2026-03-03 21:15:00,75.37596438022078,-151.59978130110096,611.5867138210331,535.3628969001529
2026-03-03 21:30:00,75.37596438022078,-162.74601524139527,595.5902286202385,508.220177759064
2026-03-03 21:45:00,75.37596438022078,-108.93925273147353,511.8987178598644,478.33542950861164
2026-03-03 22:00:00,75.37596438022078,-170.50089367400506,296.56672783092665,201.44179853714238
2026-03-03 22:15:00,75.37596438022078,119.74577276116116,-169.54827994854244,25.5734571928395
2026-03-03 22:30:00,75.37596438022078,-171.42994733783027,296.50236969750466,200.44838673989517
2026-03-03 22:45:00,75.37596438022078,-103.9907696475956,331.36747001173114,302.7526647443563
2026-03-03 23:00:00,75.37596438022078,127.09007146757726,-108.2834504469461,94.18258540085192
2026-03-03 23:15:00,75.37596438022078,72.97526213801787,-121.77740609408649,26.573820424152174
2026-03-03 23:30:00,75.37596438022078,165.45104357116992,-54.9545969859174,185.8724109654733
2026-03-03 23:45:00,75.37596438022078,107.84174956153385,49.81828055020938,233.035994491964
2026-03-04 00:00:00,23.25116507209028,156.28894929405197,-120.10678811344286,59.4333262526994
2026-03-04 00:15:00,23.25116507209028,135.7966890680695,-175.94409839934917,-16.896244259189388
2026-03-04 00:30:00,23.25116507209028,177.4305639369585,-253.2980619333161,-52.61633292426731
2026-03-04 00:45:00,23.25116507209028,-142.5240252625682,280.79844423792224,161.52558404744434
2026-03-04 01:00:00,23.25116507209028,-169.18607651856192,293.14693572796375,147.21202428149212
2026-03-04 01:15:00,23.25116507209028,126.23589918893208,-158.8319609694732,-9.344896708450818
2026-03-04 01:30:00,23.25116507209028,117.09829070983227,-152.8968938453864,-12.54743806346383
2026-03-04 01:45:00,23.25116507209028,-99.95525582409968,268.84708179359535,192.14299104158596
2026-03-04 02:00:00,23.25116507209028,-148.01089133704662,134.64788183077277,9.888155565816447
2026-03-04 02:15:00,23.25116507209028,134.79371076968673,-106.59633085051499,51.448544991262025
2026-03-04 02:30:00,23.25116507209028,139.2881368990574,-173.74808695037683,-11.208784979229137
2026-03-04 02:45:00,23.25116507209028,107.47303821466761,-11.315881918705633,119.40832136805227
2026-03-04 03:00:00,23.25116507209028,-120.05853581312584,126.8977046503304,30.09033390929484
2026-03-04 03:15:00,23.25116507209028,-84.98745995722385,81.63305455744522,19.896759672311653
2026-03-04 03:30:00,23.25116507209028,-92.70158504905265,389.48913217727994,320.0387122003176
2026-03-04 03:45:00,23.25116507209028,-113.41931346689674,173.1233359487931,82.95518755398666
2026-03-04 04:00:00,61.906580963995836,-115.94702026949747,256.9971628373533,202.95672353185165
2026-03-04 04:15:00,61.906580963995836,-95.65785670290933,45.31760980271568,11.566334063802188
2026-03-04 04:30:00,61.906580963995836,-95.75548347173256,49.97969080645168,16.130788298714954
2026-03-04 04:45:00,61.906580963995836,-82.40667758729126,327.22545920587163,306.7253625825762
2026-03-04 05:00:00,61.906580963995836,-114.102758545754,94.00286080958358,41.80668322782542
2026-03-04 05:15:00,61.906580963995836,-122.02925816289026,323.3829711710724,263.26029397217803
2026-03-04 05:30:00,61.906580963995836,-124.0400039060936,112.90687603676123,50.773453094663466
2026-03-04 05:45:00,61.906580963995836,147.22444550199123,-160.66372579604283,48.46730066994425
2026-03-04 06:00:00,61.906580963995836,-122.1680038524991,173.04981818587,112.78839529736675
2026-03-04 06:15:00,61.906580963995836,-151.53377617925568,199.44489745713182,109.81770224187197
2026-03-04 06:30:00,61.906580963995836,176.3836494603014,-250.04599115740112,-11.75576073310387
2026-03-04 06:45:00,61.906580963995836,284.3415186543606,-164.57783511632388,181.67026450203255
2026-03-04 07:00:00,61.906580963995836,432.9824843983394,-157.57444023965172,337.31462512268354
2026-03-04 07:15:00,61.906580963995836,533.4383293952967,-146.03798318637058,449.3069271729219
2026-03-04 07:30:00,61.906580963995836,571.2762122277468,-179.1164786688732,454.06631452286933
2026-03-04 07:45:00,61.906580963995836,448.65860805792323,-182.12432949613597,328.44085952578314
2026-03-04 08:00:00,145.38897366247755,713.5118724465349,-256.41340102384004,602.4874450851725
2026-03-04 08:15:00,145.38897366247755,540.2739781068267,-262.7908334385041,422.8721183308002
2026-03-04 08:30:00,145.38897366247755,394.69588990587613,-199.77428086792605,340.3105827004277
2026-03-04 08:45:00,145.38897366247755,325.3760249991882,-216.43202237701124,254.3329762846545
2026-03-04 09:00:00,145.38897366247755,-269.82131471721283,813.2262963687606,688.7939553140253
2026-03-04 09:15:00,145.38897366247755,-214.2360813232678,760.9959689302452,692.148861269455
2026-03-04 09:30:00,145.38897366247755,-153.6234273291834,1750.425219953977,1742.1907662872711
2026-03-04 09:45:00,145.38897366247755,-157.18735357161938,99.63131158912819,87.83293167998636
2026-03-04 10:00:00,145.38897366247755,-184.13959719264355,236.05695536581655,197.30633183565055
2026-03-04 10:15:00,145.38897366247755,136.53128108097607,-41.71356622640603,240.20668851704755
2026-03-04 10:30:00,145.38897366247755,218.85468982406888,-126.6013702588754,237.64229322767102
2026-03-04 10:45:00,145.38897366247755,-109.60520536087961,397.14489319854835,432.9286615001463
2026-03-04 11:00:00,145.38897366247755,167.29474024514042,-39.47835709547833,273.20535681213966
2026-03-04 11:15:00,145.38897366247755,88.08941863071351,0.39393049959829674,233.87232279278936
2026-03-04 11:30:00,145.38897366247755,118.53022908923087,245.67349664194964,509.5926993936581
2026-03-04 11:45:00,145.38897366247755,87.83981610342553,997.1096680714805,1230.3384578373837
2026-03-04 12:00:00,114.10254461274151,109.0566437810437,-23.114026055287347,200.04516233849785
2026-03-04 12:15:00,114.10254461274151,67.24917159471079,-35.18156391351149,146.1701522939408
2026-03-04 12:30:00,114.10254461274151,79.56162259808858,-22.573222693704242,171.09094451712585
2026-03-04 12:45:00,114.10254461274151,-11.007595148321984,60.87424025443115,163.96918971885069
2026-03-04 13:00:00,114.10254461274151,24.445070023687613,1584.4703791025076,1723.0179937389369
2026-03-04 13:15:00,114.10254461274151,16.40568237010205,1400.153293838845,1530.6615208216886
2026-03-04 13:30:00,114.10254461274151,5.349722585884972,1930.007974101678,2049.4602413003045
2026-03-04 13:45:00,114.10254461274151,24.279427412392405,1985.126715247163,2123.508687272297
2026-03-04 14:00:00,114.10254461274151,-11.598144525342848,-5.657602286066241,96.84679780133243
2026-03-04 14:15:00,114.10254461274151,-17.7189179062197,89.4118964352552,185.795523141777
2026-03-04 14:30:00,114.10254461274151,-16.597261613057924,7.698087201357619,105.20337020104121
2026-03-04 14:45:00,114.10254461274151,50.49616550889376,7.135712893497117,171.7344230151324
2026-03-04 15:00:00,114.10254461274151,25.8633362315773,7.589780818878471,147.55566166319727
2026-03-04 15:15:00,114.10254461274151,-56.931029687605644,240.23545805119886,297.4069729763347
2026-03-04 15:30:00,114.10254461274151,-48.21318786586868,238.38604741012162,304.27540415699445
2026-03-04 15:45:00,114.10254461274151,83.83994902236233,-21.632861757536915,176.30963187756694
2026-03-04 16:00:00,92.62162175413252,51.563397753389005,-8.15265616277915,136.03236334474238
2026-03-04 16:15:00,92.62162175413252,132.37622031005895,-19.52127747219759,205.47656459199388
2026-03-04 16:30:00,92.62162175413252,72.54927083182022,-1.0825530746054652,164.08833951134727
2026-03-04 16:45:00,92.62162175413252,-110.92710365339508,325.3452036914829,307.03972179222035
2026-03-04 17:00:00,92.62162175413252,-81.34760947974927,382.7275836111023,394.0015958854856
2026-03-04 17:15:00,92.62162175413252,-101.61305953163954,144.528206175877,135.53676839837
2026-03-04 17:30:00,92.62162175413252,-156.71390923176122,143.34875423688405,79.25646675925535
2026-03-04 17:45:00,92.62162175413252,198.0197795464776,-158.02167557923246,132.61972572137768
2026-03-04 18:00:00,92.62162175413252,-182.0291497102561,369.77989595156896,280.3723679954454
2026-03-04 18:15:00,92.62162175413252,205.2800988415127,-213.27408464717323,84.62763594847198
2026-03-04 18:30:00,92.62162175413252,240.858622612251,-118.372733277245,215.10751108913854
2026-03-04 18:45:00,92.62162175413252,329.9385848611029,-87.24185395032198,335.31835266491345
2026-03-04 19:00:00,92.62162175413252,399.13596636597447,-131.6684641346201,360.08912398548694
2026-03-04 19:15:00,92.62162175413252,445.955791268562,-141.45412485057363,397.12328817212085
2026-03-04 19:30:00,92.62162175413252,466.4784503102487,-144.76379140258123,414.33628066180006
2026-03-04 19:45:00,92.62162175413252,452.9909850392678,-169.9309126657738,375.68169412762654
2026-03-04 20:00:00,71.77596438022078,440.06226771153337,-139.5056586634743,372.33257342827983
2026-03-04 20:15:00,71.77596438022078,424.5194989367715,-141.47258292988508,354.82288038710726
2026-03-04 20:30:00,71.77596438022078,395.26157850337995,-85.75141651011158,381.28612637348914
2026-03-04 20:45:00,71.77596438022078,351.5732934442523,173.58382285477649,596.9330806792495
2026-03-04 21:00:00,71.77596438022078,263.32267406457424,-97.61917470535278,237.47946373944225
2026-03-04 21:15:00,71.77596438022078,238.0997813011009,-114.28539800854938,195.5903476727723
2026-03-04 21:30:00,71.77596438022078,201.07101524139526,-70.61194052095657,202.23503910065944
2026-03-04 21:45:00,71.77596438022078,158.53925273147357,349.7288690747755,580.0440861864698
2026-03-04 22:00:00,71.77596438022078,221.57589367400502,-42.63119090197655,250.72066715224923
2026-03-04 22:15:00,71.77596438022078,199.54577276116126,-48.62462882368194,222.69710831770013
2026-03-04 22:30:00,71.77596438022078,208.30494733783019,-23.071048275484134,257.0098634425668
2026-03-04 22:45:00,71.77596438022078,205.8907696475956,1314.3251159358476,1591.991849963664
2026-03-04 23:00:00,71.77596438022078,202.2650714675773,45.69279346088298,319.73382930868104
2026-03-04 23:15:00,71.77596438022078,185.67526213801796,1.919979971887735,259.3712064901265
2026-03-04 23:30:00,71.77596438022078,187.40104357116977,-28.733580859432383,230.4434270919582
2026-03-04 23:45:00,71.77596438022078,182.8417495615339,1114.8446243837725,1369.462338325527
2026-03-05 00:00:00,21.451165072090284,238.2389492940521,-95.55714788075217,164.13296648539023
2026-03-05 00:15:00,21.451165072090284,240.3716890680696,-191.74627438834727,70.07657975181263
2026-03-05 00:30:00,21.451165072090284,237.03056393695843,-252.66517720271676,5.816551806331944
2026-03-05 00:45:00,21.451165072090284,-203.97402526256812,181.21100407372455,-1.3118561167532903
2026-03-05 01:00:00,21.451165072090284,233.43607651856192,-223.74731353120586,31.139928059446333
2026-03-05 01:15:00,21.451165072090284,214.23589918893217,-124.20053809941398,111.48652616160847
2026-03-05 01:30:00,21.451165072090284,209.89829070983228,-259.940892678627,-28.591436896704437
2026-03-05 01:45:00,21.451165072090284,-196.93025582409976,324.665839350759,149.1867485987495
2026-03-05 02:00:00,21.451165072090284,225.31089133704666,-229.02426674697358,17.73778966216335
2026-03-05 02:15:00,21.451165072090284,211.06871076968685,-196.89146640585457,35.62840943592255
2026-03-05 02:30:00,21.451165072090284,212.2631368990574,-192.93166844452335,40.78263352662432
2026-03-05 02:45:00,21.451165072090284,201.6980382146677,-137.86933585200438,85.27986743475358
2026-03-05 03:00:00,21.451165072090284,195.0085358131258,-201.4053019907458,15.054398894470268
2026-03-05 03:15:00,21.451165072090284,-169.6624599572239,338.2893174759295,190.0780225907959
2026-03-05 03:30:00,21.451165072090284,174.9515850490527,-175.4727125564239,20.9300375647191
2026-03-05 03:45:00,21.451165072090284,199.1943134668967,-115.86928886218169,104.77618967680527
2026-03-05 04:00:00,59.25658096399585,193.92202026949744,-90.37292922757368,162.8056720059196
2026-03-05 04:15:00,59.25658096399585,177.2828567029093,-84.33552671512619,152.20391095177894
2026-03-05 04:30:00,59.25658096399585,187.68048347173251,-65.90787773320045,181.0291867025279
2026-03-05 04:45:00,59.25658096399585,186.20667758729127,-114.47478539991317,130.98847315137394
2026-03-05 05:00:00,59.25658096399585,190.20275854575402,-191.5393149613085,57.920024548441376
2026-03-05 05:15:00,59.25658096399585,226.9542581628903,-136.51476713845423,149.69607198843195
2026-03-05 05:30:00,59.25658096399585,227.44000390609358,-186.24276346616665,100.4538214039228
2026-03-05 05:45:00,59.25658096399585,234.39944550199118,-104.07526481136804,189.580761654619
2026-03-05 06:00:00,59.25658096399585,243.84300385249915,-173.35094875207835,129.74863606441664
2026-03-05 06:15:00,59.25658096399585,270.6837761792558,-159.6216292244949,170.31872791875676
2026-03-05 06:30:00,59.25658096399585,268.15864946030143,-208.25751102838342,119.15771939591389
2026-03-05 06:45:00,59.25658096399585,318.6165186543607,-172.96460674673966,204.9084928716169
2026-03-05 07:00:00,59.25658096399585,315.5324843983393,-118.0008870352797,256.78817832705545
2026-03-05 07:15:00,59.25658096399585,352.9133293952969,-211.04430515901672,201.12560520027606
2026-03-05 07:30:00,59.25658096399585,406.52621222774684,-189.94173484060173,275.841058351141
2026-03-05 07:45:00,59.25658096399585,370.9586080579232,-116.22305517866575,313.9921338432533
2026-03-05 08:00:00,199.63897366247755,426.83687244653447,-181.51479825824893,444.9610478507632
2026-03-05 08:15:00,199.63897366247755,372.09897810682685,-258.9714711191755,312.76648065012887
2026-03-05 08:30:00,199.63897366247755,328.14588990587623,-214.00759192828286,313.7772716400709
2026-03-05 08:45:00,199.63897366247755,248.57602499918823,-324.13156365378126,124.08343500788453
2026-03-05 09:00:00,199.63897366247755,329.8713147172127,-145.04370860782706,384.4665797718633
2026-03-05 09:15:00,199.63897366247755,-244.26108132326783,355.8677148026544,311.2456071418641
2026-03-05 09:30:00,199.63897366247755,-218.47342732918344,314.08943294259,295.2549792758841
2026-03-05 09:45:00,199.63897366247755,-158.3123535716194,230.08800733904943,271.41462742990757
2026-03-05 10:00:00,199.63897366247755,-232.23959719264354,367.27762742528154,334.67700389511555
2026-03-05 10:15:00,199.63897366247755,-144.70628108097603,335.4863793156653,390.4190718971669
2026-03-05 10:30:00,199.63897366247755,153.8296898240689,-268.25402418642767,85.21463930011879
2026-03-05 10:45:00,199.63897366247755,-87.60520536087968,159.57834446304705,271.6121127646449
2026-03-05 11:00:00,199.63897366247755,157.7447402451403,-227.53278927191514,129.8509246357027
2026-03-05 11:15:00,199.63897366247755,-70.18941863071348,105.45475485969101,234.90430989145509
2026-03-05 11:30:00,199.63897366247755,-14.680229089230881,128.97458860946145,313.9333331827081
2026-03-05 11:45:00,199.63897366247755,0.2601838965744531,171.77046946266282,371.66962702171486
2026-03-05 12:00:00,193.57754461274152,-29.681643781043697,407.52828246101905,571.4241832927169
2026-03-05 12:15:00,193.57754461274152,-7.149171594710783,63.24237066541723,249.67074368344797
2026-03-05 12:30:00,193.57754461274152,-13.261622598088598,101.95917342661711,282.27509544127
2026-03-05 12:45:00,193.57754461274152,0.7424048516780177,163.28931539632342,357.609264860743
2026-03-05 13:00:00,193.57754461274152,-5.970070023687622,154.75963590366743,342.36711049272134
2026-03-05 13:15:00,193.57754461274152,-1.0556823701020457,129.9569770514666,322.4788392941061
2026-03-05 13:30:00,193.57754461274152,3.950277414115035,86.17253351988155,283.7003555467381
2026-03-05 13:45:00,193.57754461274152,-36.75442741239241,88.2634140698824,245.08653127023152
2026-03-05 14:00:00,193.57754461274152,-17.698144525342848,98.365683433804,274.2450835212027
2026-03-05 14:15:00,193.57754461274152,-78.16891790621969,222.06183705307197,337.4704637595938
2026-03-05 14:30:00,193.57754461274152,-94.37226161305794,808.0324152922437,907.2376982919274
2026-03-05 14:45:00,193.57754461274152,-137.19616550889378,176.12138217289225,232.50276127674
2026-03-05 15:00:00,193.57754461274152,-81.83833623157727,187.00899514372327,298.7482035248875
2026-03-05 15:15:00,193.57754461274152,-129.58102968760562,188.17930008213162,252.17581500726752
2026-03-05 15:30:00,193.57754461274152,-114.03818786586871,128.1895298231992,207.728886570072
2026-03-05 15:45:00,193.57754461274152,-148.81494902236238,147.92766187150042,192.69025746187955
2026-03-05 16:00:00,49.11871594274782,-104.58839775338907,158.48892955759524,103.019247746954
2026-03-05 16:15:00,49.11871594274782,-178.7512203100589,108.10414503540322,-21.52835933190785
2026-03-05 16:30:00,49.11871594274782,-203.84927083182026,106.51763273273953,-48.21292215633291
2026-03-05 16:45:00,49.11871594274782,203.3271036533951,-292.43370521559854,-39.9878856194556
2026-03-05 17:00:00,49.11871594274782,234.0976094797493,-193.59773371421795,89.61859170827915
2026-03-05 17:15:00,49.11871594274782,-224.7880595316396,139.31593930278473,-36.353404286107036
2026-03-05 17:30:00,49.11871594274782,258.16390923176107,-283.3431211851205,23.939503989388413
2026-03-05 17:45:00,49.11871594274782,-238.09477954647764,380.0973808070051,191.12131720327528
2026-03-05 18:00:00,49.11871594274782,-233.82914971025602,264.000618849663,79.2901850821548
2026-03-05 18:15:00,49.11871594274782,258.2800988415127,-457.0898107908895,-149.69099600662895
2026-03-05 18:30:00,49.11871594274782,-363.55862261225104,276.2518756965284,-38.18803097297484
2026-03-05 18:45:00,49.11871594274782,-405.2885848611028,757.5783813314083,401.40851241305336
2026-03-05 19:00:00,49.11871594274782,-406.63596636597447,1293.4662193106874,935.9489688874608
2026-03-05 19:15:00,49.11871594274782,-423.03079126856204,1544.2001312413474,1170.2880559155333
2026-03-05 19:30:00,49.11871594274782,-390.7284503102488,1715.5290521289044,1373.9193177614034
2026-03-05 19:45:00,49.11871594274782,-359.24098503926785,1703.857974503137,1393.735705406617
2026-03-05 20:00:00,30.715404927105865,-361.81226771153314,979.1879537949239,648.0910910104967
2026-03-05 20:15:00,30.715404927105865,-332.0194989367717,1701.0291886448313,1399.7250946351655
2026-03-05 20:30:00,30.715404927105865,-279.53657850337987,1602.0987427762175,1353.2775691999434
2026-03-05 20:45:00,30.715404927105865,-260.59829344425225,1479.3339804104462,1249.4510918932997
2026-03-05 21:00:00,30.715404927105865,-272.8476740645742,1877.5957352386663,1635.4634661011978
2026-03-05 21:15:00,30.715404927105865,-232.2747813011009,276.2521225353846,74.6927461613896
2026-03-05 21:30:00,30.715404927105865,-234.9210152413954,166.4536323673163,-37.75197794697323
2026-03-05 21:45:00,30.715404927105865,203.88925273147365,-231.05644673314836,3.548210925431164
2026-03-05 22:00:00,30.715404927105865,-241.92589367400498,176.21267391212146,-34.99781483477764
2026-03-05 22:15:00,30.715404927105865,-206.67077276116115,241.01110867564003,65.05574084158476
2026-03-05 22:30:00,30.715404927105865,-213.60494733783028,286.2459044445756,103.35636203385121
2026-03-05 22:45:00,30.715404927105865,-203.49076964759558,157.19654383216297,-15.57882088832676
2026-03-05 23:00:00,30.715404927105865,-199.26507146757714,423.8453200953687,255.29565355489746
2026-03-05 23:15:00,30.715404927105865,-181.07526213801782,241.0509052278963,90.69104801698433
2026-03-05 23:30:00,30.715404927105865,192.10104357116975,-142.45242556586385,80.36402293241179
2026-03-05 23:45:00,30.715404927105865,155.34174956153387,-104.93025191556667,81.12690257307308
2026-03-06 00:00:00,18.826165072090284,-169.73894929405193,628.4800652957772,477.56728107381554
2026-03-06 00:15:00,18.826165072090284,-137.44668906806947,52.50502573862291,-66.11549825735628
2026-03-06 00:30:00,18.826165072090284,-153.15556393695852,386.79590054629034,252.4665016814221
2026-03-06 00:45:00,18.826165072090284,-131.52402526256822,138.92166944217087,26.223809251692927
2026-03-06 01:00:00,18.826165072090284,-191.48607651856196,144.1235638740083,-28.53634757246337
2026-03-06 01:15:00,18.826165072090284,-155.76089918893223,249.816133959999,112.88139984315706
2026-03-06 01:30:00,18.826165072090284,-166.87329070983225,317.8639242091518,169.8167985714098
2026-03-06 01:45:00,18.826165072090284,-120.73025582409969,464.8666765020709,362.9625857500615
2026-03-06 02:00:00,18.826165072090284,-166.96089133704672,666.6087484958904,518.474022230934
2026-03-06 02:15:00,18.826165072090284,-131.29371076968678,63.83569830555592,-48.631847392040584
2026-03-06 02:30:00,18.826165072090284,-146.81313689905738,167.3332959656116,39.34632413864449
2026-03-06 02:45:00,18.826165072090284,-135.92303821466766,252.41033418600202,135.31346104342464
2026-03-06 03:00:00,18.826165072090284,-124.5085358131258,197.72377007648393,92.0413993354484
2026-03-06 03:15:00,18.826165072090284,-95.38745995722388,174.1610679464451,97.59977306131148
2026-03-06 03:30:00,18.826165072090284,-108.40158504905267,89.62786471117309,0.05244473421069529
2026-03-06 03:45:00,18.826165072090284,-112.11931346689668,123.31886229217427,30.02571389736788
2026-03-06 04:00:00,59.25658096399585,-126.14702026949749,107.37226750795261,40.48182820245097
2026-03-06 04:15:00,59.25658096399585,-76.15785670290937,87.29656151476563,70.3952857758521
2026-03-06 04:30:00,59.25658096399585,-91.08048347173255,110.62761436998692,78.80371186225022
2026-03-06 04:45:00,59.25658096399585,-92.45667758729121,122.21202808097323,89.01193145767786
2026-03-06 05:00:00,59.25658096399585,-119.20275854575397,334.94426611391503,274.99808853215694
2026-03-06 05:15:00,59.25658096399585,-163.60425816289018,299.8320863572645,195.48440915837014
2026-03-06 05:30:00,59.25658096399585,149.8650039060936,-129.68639398064082,79.43519088944862
2026-03-06 05:45:00,59.25658096399585,143.47444550199117,-123.48843846141885,79.24258800456816
2026-03-06 06:00:00,59.25658096399585,110.26800385249915,-147.02853115952496,22.496053656970048
2026-03-06 06:15:00,59.25658096399585,-130.48377617925576,609.4446754273437,538.2174802120837
2026-03-06 06:30:00,59.25658096399585,-172.85864946030142,437.56567038412004,323.96360188781443
2026-03-06 06:45:00,59.25658096399585,-237.51651865436065,732.6343786168354,554.3744409264706
2026-03-06 07:00:00,59.25658096399585,-232.75748439833936,460.5913574175695,287.090453983226
2026-03-06 07:15:00,59.25658096399585,219.5133293952967,-262.9083742999514,15.861536059341176
2026-03-06 07:30:00,59.25658096399585,-179.55121222774667,786.2058701576118,665.911238893861
2026-03-06 07:45:00,59.25658096399585,-176.78360805792317,666.3552268417316,548.8281997478042
2026-03-06 08:00:00,84.76397366247758,-327.01187244653454,442.6563269320104,200.40842814795346
2026-03-06 08:15:00,84.76397366247758,-321.998978106827,274.5554087628946,37.3204043185452
2026-03-06 08:30:00,84.76397366247758,-255.04588990587632,449.2529203953403,278.97100415194154
2026-03-06 08:45:00,84.76397366247758,-215.57602499918826,574.9493644557344,444.13731311902376
2026-03-06 09:00:00,84.76397366247758,-229.09631471721275,1416.9388059082287,1272.6064648534934
2026-03-06 09:15:00,84.76397366247758,-183.98608132326783,372.6533539596929,273.43124629890264
2026-03-06 09:30:00,84.76397366247758,-154.5734273291834,210.3561847475714,140.54673108086558
2026-03-06 09:45:00,84.76397366247758,-128.68735357161944,114.98286340136606,71.0594834922242
2026-03-06 10:00:00,84.76397366247758,-178.73959719264363,270.4033724875927,176.42774895742667
2026-03-06 10:15:00,84.76397366247758,-156.031281080976,214.06246080971073,142.79515339121232
2026-03-06 10:30:00,84.76397366247758,-170.50468982406892,126.31400569976006,40.57328953816872
2026-03-06 10:45:00,84.76397366247758,-152.05520536087963,166.53255710574368,99.24132540734163
2026-03-06 11:00:00,84.76397366247758,-185.69474024514022,246.27257974389485,145.3418131612322
2026-03-06 11:15:00,84.76397366247758,165.81441863071345,-341.2113269378155,-90.63293464462447
2026-03-06 11:30:00,84.76397366247758,-164.70522908923095,286.7062785973263,206.7650231705729
2026-03-06 11:45:00,84.76397366247758,-153.63981610342557,369.53417030903483,300.6583278680869
2026-03-06 12:00:00,125.47754461274144,-190.5316437810437,251.8902063132684,186.83610714496615
2026-03-06 12:15:00,125.47754461274144,-146.69917159471078,131.64089258410633,110.41926560213699
2026-03-06 12:30:00,125.47754461274144,162.33662259808858,-208.60553558624548,79.20863162458454
2026-03-06 12:45:00,125.47754461274144,-133.25759514832197,130.7840183199737,123.00396778439318
2026-03-06 13:00:00,125.47754461274144,-138.04507002368763,136.67137776029523,124.10385234934904
2026-03-06 13:15:00,125.47754461274144,-130.20568237010207,375.70335413560883,370.9752163782482
2026-03-06 13:30:00,125.47754461274144,-121.22472258588499,212.05488164302892,216.30770366988537
2026-03-06 13:45:00,125.47754461274144,-155.90442741239232,240.2222902754978,209.79540747584693
2026-03-06 14:00:00,125.47754461274144,-118.94814452534285,125.31698959527952,131.8463896826781
2026-03-06 14:15:00,125.47754461274144,-158.74391790621974,859.2112977112898,825.9449244178115
2026-03-06 14:30:00,125.47754461274144,-115.29726161305788,214.30547811733692,224.48576111702047
2026-03-06 14:45:00,125.47754461274144,-137.14616550889372,101.44573276126616,89.77711186511388
2026-03-06 15:00:00,125.47754461274144,-106.31333623157728,147.66999065517993,166.8341990363441
2026-03-06 15:15:00,125.47754461274144,-178.50602968760563,1479.0192962704225,1425.9908111955583
2026-03-06 15:30:00,125.47754461274144,-128.5631878658686,841.8939188458394,838.8082755927122
2026-03-06 15:45:00,125.47754461274144,-140.11494902236245,139.86571646749468,125.22831205787367
2026-03-06 16:00:00,103.54662175413259,-148.78839775338895,381.60491143611205,336.3631354368557
2026-03-06 16:15:00,103.54662175413259,-127.7512203100589,250.59632472494678,226.39172616902047
2026-03-06 16:30:00,103.54662175413259,-196.69927083182023,203.37591251088728,110.22326343319963
2026-03-06 16:45:00,103.54662175413259,-176.55210365339514,332.16324800487445,259.1577661056119
2026-03-06 17:00:00,103.54662175413259,-166.29760947974933,498.9518417408445,436.2008540152277
2026-03-06 17:15:00,103.54662175413259,-159.28805953163953,820.5211736553667,764.7797358778598
2026-03-06 17:30:00,103.54662175413259,-165.38890923176132,823.8441506031783,762.0018631255496
2026-03-06 17:45:00,103.54662175413259,-177.34477954647764,490.7971235927934,416.99896580044833
2026-03-06 18:00:00,103.54662175413259,-227.85414971025605,1563.3273020686397,1439.0197741125162
2026-03-06 18:15:00,103.54662175413259,-284.5300988415127,1494.5914685473908,1313.6079914600107
2026-03-06 18:30:00,103.54662175413259,-163.55862261225099,1529.0970384365544,1469.085037578436
2026-03-06 18:45:00,103.54662175413259,-229.53858486110272,1635.234598083403,1509.2426349764328
2026-03-06 19:00:00,103.54662175413259,337.83596636597474,-522.5221458253425,-81.13955770523512
2026-03-06 19:15:00,103.54662175413259,382.85579126856186,-424.32663206882427,62.07578095387015
2026-03-06 19:30:00,103.54662175413259,303.47845031024866,-317.80943782921236,89.21563423516886
2026-03-06 19:45:00,103.54662175413259,242.9909850392679,-205.45278050617682,141.0848262872237
2026-03-06 20:00:00,17.102904927105868,-265.2372677115332,1471.292308732588,1223.1579459481607
2026-03-06 20:15:00,17.102904927105868,-249.3194989367717,1522.329188644831,1290.1125946351651
2026-03-06 20:30:00,17.102904927105868,247.2865785033801,-379.0781330092459,-114.68864957875996
2026-03-06 20:45:00,17.102904927105868,236.0732934442524,-408.7938171225517,-155.6176187511934
2026-03-06 21:00:00,17.102904927105868,-262.69767406457424,842.1854766321864,596.590707494718
2026-03-06 21:15:00,17.102904927105868,-232.5247813011009,814.3643523058911,598.9424759318961
2026-03-06 21:30:00,17.102904927105868,-243.3960152413954,847.7617600093934,621.4686496951039
2026-03-06 21:45:00,17.102904927105868,-220.43925273147352,577.54689504065,374.2105472362824
2026-03-06 22:00:00,17.102904927105868,-246.2258936740051,775.358823481396,546.2358347344968
2026-03-06 22:15:00,17.102904927105868,-223.64577276116114,879.475337419704,672.9324695856487
2026-03-06 22:30:00,17.102904927105868,-231.0549473378302,409.8494574263943,195.89741501566994
2026-03-06 22:45:00,17.102904927105868,-212.39076964759548,153.84309989561248,-41.444764824877126
2026-03-06 23:00:00,17.102904927105868,-226.5650714675772,418.979524832597,209.51735829212566
2026-03-06 23:15:00,17.102904927105868,-197.92526213801793,182.90888018594381,2.0865229750317553
2026-03-06 23:30:00,17.102904927105868,-221.85104357116984,649.4251248707913,444.6769862267273
2026-03-06 23:45:00,17.102904927105868,-192.4167495615339,375.59116217740626,200.27731754297824
2026-03-07 00:00:00,18.251165072090277,-194.48894929405202,96.2649881311687,-79.97279609079303
2026-03-07 00:15:00,18.251165072090277,-187.62168906806946,204.03970124709866,34.66917725111949
2026-03-07 00:30:00,18.251165072090277,-181.9305639369585,149.27035433320881,-14.40904453165939
2026-03-07 00:45:00,18.251165072090277,-158.02402526256822,276.5807408290706,136.80788063859265
2026-03-07 01:00:00,18.251165072090277,-194.41107651856203,131.96730402297243,-44.19260742349931
2026-03-07 01:15:00,18.251165072090277,-163.76089918893226,228.05183870418256,82.54210458734059
2026-03-07 01:30:00,18.251165072090277,-186.22329070983233,1594.4732096414239,1426.5010840036819
2026-03-07 01:45:00,18.251165072090277,-176.9302558240997,323.52655584976117,164.84746509775175
2026-03-07 02:00:00,18.251165072090277,-170.36089133704672,650.90618567077,498.7964594058136
2026-03-07 02:15:00,18.251165072090277,-174.09371076968685,245.03744195407782,89.19489625648126
2026-03-07 02:30:00,18.251165072090277,-153.91313689905743,219.75443246274588,84.09246063577874
2026-03-07 02:45:00,18.251165072090277,-153.49803821466762,164.43188169807925,29.185008555501923
2026-03-07 03:00:00,18.251165072090277,-139.55853581312584,285.9728486858824,164.66547794484683
2026-03-07 03:15:00,18.251165072090277,-119.28745995722386,183.3170797354819,82.28078485034833
2026-03-07 03:30:00,18.251165072090277,-130.90158504905267,185.13836285662845,72.48794287966605
2026-03-07 03:45:00,18.251165072090277,-146.34431346689664,161.63100355519595,33.5378551603896
2026-03-07 04:00:00,21.56204100557335,-133.9470202694975,156.6355796196489,44.25060035572474
2026-03-07 04:15:00,21.56204100557335,-116.00785670290932,181.16124485384827,86.7154291565123
2026-03-07 04:30:00,21.56204100557335,-123.15548347173254,230.5411218010836,128.9476793349244
2026-03-07 04:45:00,21.56204100557335,116.08167758729121,-125.78716758654281,11.856551006321752
2026-03-07 05:00:00,21.56204100557335,-118.52775854575398,55.259168212894274,-41.70654932728636
2026-03-07 05:15:00,21.56204100557335,142.37925816289024,-169.28643005173586,-5.345130883272276
2026-03-07 05:30:00,21.56204100557335,-147.51500390609365,86.65776776163466,-39.295195138885646
2026-03-07 05:45:00,21.56204100557335,-141.87444550199106,251.5427648522982,131.2303603558805
2026-03-07 06:00:00,21.56204100557335,-127.61800385249907,521.6034204094859,415.5474575625602
2026-03-07 06:15:00,21.56204100557335,-155.88377617925573,551.8529598814112,417.53122470772877
2026-03-07 06:30:00,21.56204100557335,-152.53364946030138,435.28907560607337,304.31746715134534
2026-03-07 06:45:00,21.56204100557335,-150.11651865436056,565.5068233117686,436.9523456629814
2026-03-07 07:00:00,21.56204100557335,-141.43248439833928,226.46034651436062,106.58990312159469
2026-03-07 07:15:00,21.56204100557335,-143.98832939529686,180.5548097188644,58.12852132914088
2026-03-07 07:30:00,21.56204100557335,156.05121222774673,-200.29588535124674,-22.68263211792666
2026-03-07 07:45:00,21.56204100557335,-163.95860805792321,710.8022598472777,568.4056927949279
2026-03-07 08:00:00,118.26397366247755,-164.76187244653465,198.6308158889582,152.1329171049011
2026-03-07 08:15:00,118.26397366247755,163.52397810682692,-264.974845900429,16.813105868875482
2026-03-07 08:30:00,118.26397366247755,-154.02088990587612,172.3400987020857,136.58318245868713
2026-03-07 08:45:00,118.26397366247755,-135.3760249991882,209.8797702026268,192.76771886591615
2026-03-07 09:00:00,118.26397366247755,-161.69631471721274,254.62489815465398,211.1925570999188
2026-03-07 09:15:00,118.26397366247755,-133.63608132326783,244.42678575754283,229.05467809675255
2026-03-07 09:30:00,118.26397366247755,-121.5484273291834,218.12832921005725,214.8438755433514
2026-03-07 09:45:00,118.26397366247755,-101.01235357161947,232.88389317984706,250.13551327070513
2026-03-07 10:00:00,118.26397366247755,-126.81459719264359,126.84657073754435,118.29594720737832
2026-03-07 10:15:00,118.26397366247755,-122.38128108097604,251.10023774667997,246.98293032818148
2026-03-07 10:30:00,118.26397366247755,-112.45468982406884,192.8211224437781,198.6304062821868
2026-03-07 10:45:00,118.26397366247755,-83.55520536087964,347.1133544840346,381.8221227856325
2026-03-07 11:00:00,118.26397366247755,89.81974024514031,-98.58927693561209,109.49443697200577
2026-03-07 11:15:00,118.26397366247755,78.6644186307135,-51.61295803288874,145.3154342603023
2026-03-07 11:30:00,118.26397366247755,44.780229089230865,-26.27805961446204,136.76614313724636
2026-03-07 11:45:00,118.26397366247755,53.089816103425534,-28.574838713411406,142.7789510524917
2026-03-07 12:00:00,94.25254461274145,64.45664378104371,-51.855204178992516,106.85398421479263
2026-03-07 12:15:00,94.25254461274145,49.44917159471081,-20.011200217274403,123.69051599017784
2026-03-07 12:30:00,94.25254461274145,-44.7616225980886,56.614857571177474,106.10577958583032
2026-03-07 12:45:00,94.25254461274145,-22.057595148321965,21.346582742805296,93.54153220722478
2026-03-07 13:00:00,94.25254461274145,-21.54507002368762,14.967709684886984,87.6751842739408
2026-03-07 13:15:00,94.25254461274145,-2.1056823701020475,34.81956169391863,126.96642393655803
2026-03-07 13:30:00,94.25254461274145,7.150277414115034,23.271332643711,124.67415467056748
2026-03-07 13:45:00,94.25254461274145,-12.029427412392407,195.11300484889287,277.3361220492419
2026-03-07 14:00:00,94.25254461274145,-1.1481445253428488,239.12583485919083,332.23023494658946
2026-03-07 14:15:00,94.25254461274145,-35.11891790621972,633.1062826918115,692.2399093983332
2026-03-07 14:30:00,94.25254461274145,-52.22226161305795,541.883282048078,583.9135650477615
2026-03-07 14:45:00,94.25254461274145,-97.19616550889377,666.0835690806102,663.1399481844579
2026-03-07 15:00:00,94.25254461274145,-73.36333623157729,164.72979248547296,185.61900086663712
2026-03-07 15:15:00,94.25254461274145,-101.00602968760568,430.21812183781196,423.46463676294775
2026-03-07 15:30:00,94.25254461274145,-84.91318786586866,409.6696486691665,419.0090054160393
2026-03-07 15:45:00,94.25254461274145,79.33994902236238,-125.17913100037049,48.413362634733346
2026-03-07 16:00:00,125.32162175413256,-70.61339775338902,9.613250583606954,64.3214745843505
2026-03-07 16:15:00,125.32162175413256,-89.05122031005888,14.345969493075755,50.61637093714944
2026-03-07 16:30:00,125.32162175413256,-110.49927083182024,440.76272493537937,455.58507585769166
2026-03-07 16:45:00,125.32162175413256,-130.25210365339507,128.8073007493582,123.8768188500957
2026-03-07 17:00:00,125.32162175413256,-122.09760947974927,322.4359622797707,325.659974554154
2026-03-07 17:15:00,125.32162175413256,-121.36305953163946,159.4618102218681,163.4203724443612
2026-03-07 17:30:00,125.32162175413256,-160.9139092317613,209.61773029893527,174.02544282130654
2026-03-07 17:45:00,125.32162175413256,-187.61977954647764,133.2919070765138,70.99374928416873
2026-03-07 18:00:00,125.32162175413256,-222.57914971025602,684.9976790813859,587.7401511252624
2026-03-07 18:15:00,125.32162175413256,-221.6550988415127,708.630691793914,612.2972147065339
2026-03-07 18:30:00,125.32162175413256,-251.05862261225099,921.3641145969202,795.6271137388018
2026-03-07 18:45:00,125.32162175413256,-297.0635848611029,1094.1970347372808,922.4550716303104
2026-03-07 19:00:00,125.32162175413256,309.9609663659748,-286.63726045832965,148.64532766177769
2026-03-07 19:15:00,125.32162175413256,338.8307912685619,-315.80001003067633,148.35240299201809
2026-03-07 19:30:00,125.32162175413256,350.9034503102489,-232.1772472500679,244.0478248143136
2026-03-07 19:45:00,125.32162175413256,-339.6159850392681,550.0342261574468,335.7398628723113
2026-03-07 20:00:00,17.102904927105868,333.1872677115332,-253.4068137104165,96.8833589282226
2026-03-07 20:15:00,17.102904927105868,317.86949893677155,-31.088969939515888,303.8834339243615
2026-03-07 20:30:00,17.102904927105868,309.53657850337987,-88.68440345902305,237.95507997146268
2026-03-07 20:45:00,17.102904927105868,283.57329344425244,-161.57811189468873,139.09808647666955
2026-03-07 21:00:00,17.102904927105868,-272.69767406457424,565.5820841647652,309.98731502729686
2026-03-07 21:15:00,17.102904927105868,-196.9747813011009,514.4307422309448,334.55886585694975
2026-03-07 21:30:00,17.102904927105868,-195.27101524139536,744.2476530776544,566.0795427633649
2026-03-07 21:45:00,17.102904927105868,-201.41425273147354,243.3018343817787,58.99048657741102
2026-03-07 22:00:00,17.102904927105868,-260.575893674005,644.4400761062728,400.96708735937375
2026-03-07 22:15:00,17.102904927105868,229.14577276116123,-287.8332091632565,-41.58453147498943
2026-03-07 22:30:00,17.102904927105868,250.15494733783027,-190.3105830942749,76.9472691706612
2026-03-07 22:45:00,17.102904927105868,-240.8407696475955,513.9965475713722,290.25868285088256
2026-03-07 23:00:00,17.102904927105868,-237.94007146757724,509.64260450844466,288.80543796797326
2026-03-07 23:15:00,17.102904927105868,210.42526213801793,-259.72580648459234,-32.197639419468544
2026-03-07 23:30:00,17.102904927105868,-232.27604357116988,518.1729023092672,302.9997636652032
2026-03-07 23:45:00,17.102904927105868,240.94174956153378,-138.59470857248158,119.44994591615807
